{"cameraMode":{"drawMode":0,"name":"Shaded","section":"Shading Mode"},"sceneLighting":true,"audioPlay":false,"sceneViewState":{"showFog":true,"showMaterialUpdate":false,"showSkybox":true,"showFlares":true,"showImageEffects":true,"showParticleSystems":true},"in2DMode":false,"pivot":{"x":-9.083735466003418,"y":-9.658310890197754,"z":11.764240264892579},"rotation":{"x":0.26991426944732668,"y":-0.19610755145549775,"z":0.05618968605995178,"w":0.9410512447357178},"size":41.47015380859375,"orthographic":false}