{"cameraMode":{"drawMode":0,"name":"Shaded","section":"Shading Mode"},"sceneLighting":true,"audioPlay":false,"sceneViewState":{"showFog":true,"showMaterialUpdate":false,"showSkybox":true,"showFlares":true,"showImageEffects":true,"showParticleSystems":true},"in2DMode":false,"pivot":{"x":-1.9244661331176758,"y":-26.472644805908204,"z":-17.68870735168457},"rotation":{"x":0.033440444618463519,"y":-0.8899073004722595,"z":0.45015716552734377,"w":0.06613125652074814},"size":66.26008605957031,"orthographic":false}