{"cameraMode":{"drawMode":0,"name":"Shaded","section":"Shading Mode"},"sceneLighting":true,"audioPlay":false,"sceneViewState":{"showFog":true,"showMaterialUpdate":false,"showSkybox":true,"showFlares":true,"showImageEffects":true,"showParticleSystems":true},"in2DMode":false,"pivot":{"x":-6.877973556518555,"y":-3.2822184562683107,"z":6.481010437011719},"rotation":{"x":-0.23414574563503266,"y":0.5700072050094605,"z":-0.1736704409122467,"w":-0.7682122588157654},"size":14.963827133178711,"orthographic":false}