{"cameraMode":{"drawMode":0,"name":"Shaded","section":"Shading Mode"},"sceneLighting":true,"audioPlay":false,"sceneViewState":{"showFog":true,"showMaterialUpdate":false,"showSkybox":true,"showFlares":true,"showImageEffects":true,"showParticleSystems":true},"in2DMode":false,"pivot":{"x":-30.32752227783203,"y":-139.76670837402345,"z":70.59408569335938},"rotation":{"x":-0.39770013093948367,"y":0.19058485329151154,"z":-0.08504809439182282,"w":-0.8935067653656006},"size":406.8008728027344,"orthographic":false}