{"cameraMode":{"drawMode":0,"name":"Shaded","section":"Shading Mode"},"sceneLighting":true,"audioPlay":false,"sceneViewState":{"showFog":true,"showMaterialUpdate":false,"showSkybox":true,"showFlares":true,"showImageEffects":true,"showParticleSystems":true},"in2DMode":false,"pivot":{"x":149.7355499267578,"y":-399.9924011230469,"z":318.0281677246094},"rotation":{"x":-0.39241719245910647,"y":-0.2169184684753418,"z":0.09577953070402146,"w":-0.8887084722518921},"size":635.1298217773438,"orthographic":false}