{"cameraMode":{"drawMode":0,"name":"Shaded","section":"Shading Mode"},"sceneLighting":true,"audioPlay":false,"sceneViewState":{"showFog":true,"showMaterialUpdate":false,"showSkybox":true,"showFlares":true,"showImageEffects":true,"showParticleSystems":true},"in2DMode":false,"pivot":{"x":-236.32078552246095,"y":-59.8414306640625,"z":-4.24700927734375},"rotation":{"x":0.06642048805952072,"y":0.8632107973098755,"z":-0.48657095432281496,"w":0.11735765635967255},"size":541.5678100585938,"orthographic":false}